MISS;Marie;Reuss;m.reuss@mail.xyz;carnivore,beer,fish
MISTER;Gabriel;Hildebrand;g.hildebrand@mail.xyz;carnivore,beer
MISS;Waldtraut;Wedekind;waldtraut.wedekind@mail.xyz;vegan,water,juice
MISTER;Tore;Lay;t.lay@mail.xyz;carnivore,beer,vegan,water,juice,vegetarie,fish
MISS;Jessica;Schuh;j.schuh@mail.xyz;carnivore,beer,vegan,water,juice,vegetarie,fish
MISTER;Siegfried;Neubauer;s.neubauer@mail.xyz;carnivore,beer,vegan,water,juice,vegetarie,fish
MISS;Cornelia;Thiele;cornelia.thiele@mail.xyz;carnivore,beer,vegan,water,juice,vegetarie,fish
MISTER;Arthur;Wise;arthur.wise@mail.xyz;carnivore,beer,vegan,water,juice,vegetarie
MISS;Krista;Ganser;k.ganser@mail.xyz;carnivore,beer,vegan,water,juice,vegetarie
MISTER;Anthony;Schäfers;anthony.schaefers@mail.xyz;carnivore,beer,vegan,water,juice,vegetarie
MISTER;Hendrik;Funke;hendrik.funke@mail.xyz;carnivore,beer,vegan,water,juice,vegetarie
MISS;Luise;Kaspar;luise.kaspar@mail.xyz;carnivore,beer,fish
MISTER;Wilhelm;Georgi;w.georgi@mail.xyz;carnivore,beer,fish
MISTER;Dieter;Kappel;dieter.kappel@mail.xyz;carnivore,beer,fish
MISTER;Willy;Kröner;w.kroener@mail.xyz;carnivore,beer
MISTER;Julian;Zech;j.zech@mail.xyz;carnivore,beer
MISS;Kristine;Cruz;kristine.cruz@mail.xyz;vegan,water,juice
MISS;Liah;Mutz;l.mutz@mail.xyz;carnivore,beer,vegan,water,juice,vegetarie,fish
MISS;Martha;Walz;martha.walz@mail.xyz;carnivore,beer,vegan,water,juice,vegetarie,fish
MISS;Aleyna;Papst;aleyna.papst@mail.xyz;carnivore,beer,vegan,water,juice,vegetarie,fish
MISTER;Lion;Katz;lion.katz@mail.xyz;carnivore,beer,vegan,water,juice,vegetarie,fish
MISTER;Mark;Popp;mark.popp@mail.xyz;carnivore,beer,vegan,water,juice,vegetarie,fish
MISTER;Tobias;Reif;tobias.reif@mail.xyz;carnivore,beer
MISTER;Mads;Schmitt;m.schmitt@mail.xyz;vegan,water,juice
MISTER;Fabio;Neugebauer;f.neugebauer@mail.xyz;carnivore,beer,fish
MISS;Tanja;Höck;t.hoeck@mail.xyz;carnivore,beer,fish
MISTER;Mathies;Petry;mathies.petry@mail.xyz;carnivore,beer,fish
MISTER;Magnus;Greer;magnus.greer@mail.xyz;carnivore,beer,fish
MISTER;Timm;Ramsey;t.ramsey@mail.xyz;carnivore,beer
MISS;Emilie;Watkins;e.watkins@mail.xyz;vegan,water,juice
MISS;Alissa;Axmann;alissa.axmann@mail.xyz;vegan,water,juice
MISTER;Claus;Goodwin;c.goodwin@mail.xyz;carnivore,beer
MISTER;Felix;Meister;f.meister@mail.xyz;carnivore,beer,vegan,water,juice,vegetarie
MISTER;Frederik;Becker;f.becker@mail.xyz;carnivore,beer,vegan,water,juice,vegetarie
MISTER;Mathias;Haberkorn;mathias.haberkorn@mail.xyz;carnivore,beer,vegan,water,juice,vegetarie,fish
MISS;Matilda;Gerke;matilda.gerke@mail.xyz;carnivore,beer,vegan,water,juice,vegetarie,fish
MISTER;Collin;Reiss;collin.reiss@mail.xyz;carnivore,beer
MISS;Christine;Kron;c.kron@mail.xyz;vegetarian,soda
MISS;Jonna;Schmidt;j.schmidt@mail.xyz;vegetarian,soda
MISS;Tara;Jankowski;t.jankowski@mail.xyz;vegetarian,soda,vegan,water,juice
MISTER;Lion;Renner;l.renner@mail.xyz;carnivore,beer,vegan,water,juice,vegetarie,fish
MISS;Rita;Sandmann;r.sandmann@mail.xyz;carnivore,beer,vegan,water,juice,vegetarie,fish
MISTER;Mathis;Schwer;m.schwer@mail.xyz;carnivore,beer,vegan,water,juice,vegetarie,fish
MISTER;Lukas;Krings;lukas.krings@mail.xyz;carnivore,beer,vegan,water,juice,vegetarie,fish
MISS;Anneliese;Rother;a.rother@mail.xyz;carnivore,beer,vegan,water,juice,vegetarie,fish
MISS;Jennifer;Glück;jennifer.glueck@mail.xyz;carnivore,beer
MISTER;Mike;Lohmann;m.lohmann@mail.xyz;carnivore,beer
MISTER;Lukas;Kuhlmann;l.kuhlmann@mail.xyz;carnivore,beer
MISTER;Gabriel;Marktschreier;gabriel.marktschreier@mail.xyz;carnivore,beer
MISS;Alexandra;Peetz;a.peetz@mail.xyz;vegetarian,soda,vegan,water,juice,fish
MISS;Xenia;Thies;xenia.thies@mail.xyz;vegetarian,soda,vegan,water,juice,fish
MISTER;Karsten;Parsons;karsten.parsons@mail.xyz;vegetarian,soda,vegan,water,juice,fish
MISTER;Lorenz;Kaden;l.kaden@mail.xyz;vegetarian,soda,vegan,water,juice
MISTER;Ruben;Wendt;ruben.wendt@mail.xyz;vegetarian,soda,vegan,water,juice
MISS;Colin;Sahin;c.sahin@mail.xyz;vegetarian,soda
MISTER;Carsten;Hackbarth;c.hackbarth@mail.xyz;vegetarian,soda
MISS;Friederike;Schwarzkopf;friederike.schwarzkopf@mail.xyz;vegetarian,soda
MISTER;Niels;Wittmann;niels.wittmann@mail.xyz;carnivore,beer,fish
MISS;Lia;Santiago;l.santiago@mail.xyz;carnivore,beer,fish
MISTER;Rasmus;Mang;rasmus.mang@mail.xyz;carnivore,beer,fish
MISS;Kimberley;Eberhardt;k.eberhardt@mail.xyz;carnivore,beer,fish
MISTER;Henning;Jakobs;h.jakobs@mail.xyz;carnivore,beer,fish
MISTER;Gerd;McCormick;gerd.mccormick@mail.xyz;carnivore,beer
MISTER;Malte;Dehne;m.dehne@mail.xyz;carnivore,beer
MISTER;Hendrik;Ehret;h.ehret@mail.xyz;carnivore,beer
MISS;Manuela;Lambertz;manuela.lambertz@mail.xyz;carnivore,beer
MISTER;Malte;Kania;m.kania@mail.xyz;carnivore,beer,vegan,water,juice,vegetarie,fish
MISTER;Bernhard;Wilhelms;bernhard.wilhelms@mail.xyz;carnivore,beer,vegan,water,juice,vegetarie,fish
MISTER;Keno;Henninger;k.henninger@mail.xyz;carnivore,beer,vegan,water,juice,vegetarie,fish
MISTER;Julian;Hackmann;julian.hackmann@mail.xyz;carnivore,beer,vegan,water,juice,vegetarie,fish
MISTER;Kristof;Ramsey;k.ramsey@mail.xyz;carnivore,beer,vegan,water,juice,vegetarie,fish
MISTER;Carlo;Aguilar;c.aguilar@mail.xyz;carnivore,beer,vegan,water,juice,vegetarie,fish
MISTER;Joshua;Kim;j.kim@mail.xyz;carnivore,beer,vegan,water,juice,vegetarie,fish
MISTER;Luka;Sondermann;l.sondermann@mail.xyz;carnivore,beer,vegan,water,juice,vegetarie
MISTER;Ian;Böttger;ian.boettger@mail.xyz;carnivore,beer,vegan,water,juice,vegetarie
MISS;Ronja;Brockhaus;ronja.brockhaus@mail.xyz;carnivore,beer,vegan,water,juice,vegetarie
MISTER;Henrik;Eberle;h.eberle@mail.xyz;carnivore,beer,vegan,water,juice,vegetarie
MISTER;Rafael;Kröll;rafael.kroell@mail.xyz;carnivore,beer
MISTER;Christopher;Jensen;christopher.jensen@mail.xyz;carnivore,beer
MISTER;Maximilian;Georgi;m.georgi@mail.xyz;carnivore,beer
MISTER;Adrian;Weidemann;a.weidemann@mail.xyz;carnivore,beer
MISS;Rita;Rosenberger;r.rosenberger@mail.xyz;carnivore,beer
MISTER;Valentin;Waters;valentin.waters@mail.xyz;carnivore,beer
MISTER;Melvin;Münch;melvin.muench@mail.xyz;carnivore,beer,fish
MISTER;Henrik;Douglas;henrik.douglas@mail.xyz;carnivore,beer,fish
MISTER;Rolf;Zimmermann;r.zimmermann@mail.xyz;carnivore,beer,fish
MISTER;Georg;Steinmann;g.steinmann@mail.xyz;carnivore,beer,fish
MISTER;Michael;Reich;m.reich@mail.xyz;carnivore,beer,fish
MISTER;Thorben;Wendel;t.wendel@mail.xyz;carnivore,beer,fish
MISS;Elisa;Junge;elisa.junge@mail.xyz;carnivore,beer,fish
MISS;Ulrike;Wienecke;ulrike.wienecke@mail.xyz;carnivore,beer,fish
MISTER;Heinrich;Stiller;heinrich.stiller@mail.xyz;carnivore,beer
MISTER;Jannik;Price;jannik.price@mail.xyz;carnivore,beer
MISTER;Arne;Fleischmann;a.fleischmann@mail.xyz;carnivore,beer
MISS;Jessika;Warnecke;j.warnecke@mail.xyz;vegan,water,juice
MISS;Vanessa;Cohen;v.cohen@mail.xyz;vegan,water,juice
MISTER;Sam;Schwinn;s.schwinn@mail.xyz;vegan,water,juice
MISTER;Kilian;Landwehr;k.landwehr@mail.xyz;vegetarian,soda,vegan,water,juice,fish
MISS;Yvonne;Flores;y.flores@mail.xyz;vegetarian,soda,vegan,water,juice,fish
MISTER;Volker;Wiesner;volker.wiesner@mail.xyz;vegetarian,soda,vegan,water,juice
